prev_hash,output_index,script,output_value,sequence,addresses,script_type,age
edd62133e64eeb173f9d8bf11b4bfdf0663243a04f539a3d4d291c5323e5b6d9,10,4830450220154d7dbf3abe110b75f8a2f0556446dbb742d8358e5298ffae56b44bc29c119c0221009bf91f5322d9b428988015de9ab4b82404c7c75061b6b272b85c24e1a1126e4001210389db4f5a3fe43d22ecb1726a38cc28b84fa3e77b5acdf77837bbe48a95ff0296,409620000,4294967295,['1PxtJd9j6qNt91dWEwjhfoCRvrKjUJiKvr'],pay-to-pubkey-hash,294742
4e763eff4e75c4fce5dec2fab5cf03b8a7a3afcc5034eddfe6059035a9492cb5,10,493046022100c14d84521de606488841a922012a522500f630454a718e8f71496741b82bd117022100d98ef5ef5965df2ad08b6c978ca3f01d853851afe11d92bd21d7c960f4abb26e01210389db4f5a3fe43d22ecb1726a38cc28b84fa3e77b5acdf77837bbe48a95ff0296,373420000,4294967295,['1PxtJd9j6qNt91dWEwjhfoCRvrKjUJiKvr'],pay-to-pubkey-hash,296417
4f4bd64eef137f72541eef42813659b42a021fe890131b0990d88e0b1555d79b,6,483045022019ecd21ce2d6ff1fbf018317a3725db1da0e647548cf85cefbf604fddeab9b96022100bb1f34caa9df4784b455fb8d72447b1afc477468245dbb187348e62f007cde4301210389db4f5a3fe43d22ecb1726a38cc28b84fa3e77b5acdf77837bbe48a95ff0296,561640000,4294967295,['1PxtJd9j6qNt91dWEwjhfoCRvrKjUJiKvr'],pay-to-pubkey-hash,291249
4da7c26b62e60dae3297394c8ca62a8e06e14321e1828d74c936d76db45ce7be,5,473044022012c9dedaa8256efb13606108dc0aae659d707e240a445728a35a8b4e4abe09f002206ef241de0cbd97072e26a7963e9823a3cec9659247ca3dec7c069fb0e2a149f401210389db4f5a3fe43d22ecb1726a38cc28b84fa3e77b5acdf77837bbe48a95ff0296,560550000,4294967295,['1PxtJd9j6qNt91dWEwjhfoCRvrKjUJiKvr'],pay-to-pubkey-hash,291107
01c7f2c76821447e59d6980b7603caff7c463ee7431edd7ed2849fac12bcc29d,9,47304402204cc0383b1b5794f0de3c48df5fde6807c4df38bd5fcf0523e525293122f26411022073be8690bb507227384b56ac5a113e321964932356e4c52ca32fb622a14375a501210389db4f5a3fe43d22ecb1726a38cc28b84fa3e77b5acdf77837bbe48a95ff0296,412210000,4294967295,['1PxtJd9j6qNt91dWEwjhfoCRvrKjUJiKvr'],pay-to-pubkey-hash,295363
0a8beadad71f96df4706a2d1d051b077ddf29dc6ae3cc1b39b3569ba32233ab5,12,473044022030c8337fb230519db31aebfb7354c6adcfa9f561f12e73d257d42fe29c67d2410220551e39dea26f9fc43d676970093031b804d70fecae3b5f5152a3e30bca4608ca01210389db4f5a3fe43d22ecb1726a38cc28b84fa3e77b5acdf77837bbe48a95ff0296,364390000,4294967295,['1PxtJd9j6qNt91dWEwjhfoCRvrKjUJiKvr'],pay-to-pubkey-hash,296581
5584ea4ed4857f466c51c894dba1d5dba3d088101efa956dd3d8fd0253e8e1cc,6,48304502200654065861a94714c4d4e62a17a958719f7f0e22d37c403672b78ef8e891b71a022100efcba10c1366593b0eff9e8a8c9f9e6865a7ec27fbe8533764ee19a20c68561201210389db4f5a3fe43d22ecb1726a38cc28b84fa3e77b5acdf77837bbe48a95ff0296,544830000,4294967295,['1PxtJd9j6qNt91dWEwjhfoCRvrKjUJiKvr'],pay-to-pubkey-hash,291782
aaac5ab0a1dad70d8738ccb8b4e7b4bacf6246e32d37392a72b50b0e2e4061af,6,47304402200f6cba15f1fb7479b81b90ed12799d9d456861fa8b5c4a0e2e825a62d539c7db022073517ff17f4e2dafbcf7c6dfc6d1cb7bc8320f4c8168831335f20078fd5300a601210389db4f5a3fe43d22ecb1726a38cc28b84fa3e77b5acdf77837bbe48a95ff0296,558070000,4294967295,['1PxtJd9j6qNt91dWEwjhfoCRvrKjUJiKvr'],pay-to-pubkey-hash,291426
6ab1ef35ebfe07b32817fec55c9ad796af4730bf6401531417afd85f42dfcc99,15,483045022100830264f83667cad3ad0e0dc933b6badc104b240fe2abe67c75c395d6b7bc46ba02201952dbcaaa98c47de198c15c88fdfff7651af9b16693eb339f920ef7d8adb73101210389db4f5a3fe43d22ecb1726a38cc28b84fa3e77b5acdf77837bbe48a95ff0296,344790000,4294967295,['1PxtJd9j6qNt91dWEwjhfoCRvrKjUJiKvr'],pay-to-pubkey-hash,295729
26b9635465cac18a175cef01d39096d47644d2337be72a28b276469e16c2dc6f,8,483045022068a261780ebdd95694d166051171c141b1d7cf4437b02a01ebd5cbacb2a382fa022100f98bd563dec6fba9992cd09df66c7304b438442f98e93aa1a6634561a002e4b901210389db4f5a3fe43d22ecb1726a38cc28b84fa3e77b5acdf77837bbe48a95ff0296,493090000,4294967295,['1PxtJd9j6qNt91dWEwjhfoCRvrKjUJiKvr'],pay-to-pubkey-hash,293183
c62ca905c603a789a7005d7890220a7632930d05940bdb45c9b090a3f8725b60,9,483045022100dc8e7af6ea99137a3f4f19468f27fb7dd572956aba29e2c466e7478b83e4da1c022065757b60352e87e96a8e65d2fa2148a1cfb1011ec56c65724564ca022874363901210389db4f5a3fe43d22ecb1726a38cc28b84fa3e77b5acdf77837bbe48a95ff0296,415170000,4294967295,['1PxtJd9j6qNt91dWEwjhfoCRvrKjUJiKvr'],pay-to-pubkey-hash,295537
fad9d0c43b156e1a41d8b2f6b5e9864779151b3f0535bdd9c8084e5dececfe96,5,493046022100f57f098bc00a67c47d295d7c572685f96f40844411fb937abba54057a064368a022100834b56933f12fcf86fdde352aee31c8389ede11cbe91917826d03bda44bad7ed01210389db4f5a3fe43d22ecb1726a38cc28b84fa3e77b5acdf77837bbe48a95ff0296,550930000,4294967295,['1PxtJd9j6qNt91dWEwjhfoCRvrKjUJiKvr'],pay-to-pubkey-hash,291593
bc366b619213135631fa7367f5f2d4b8bd813e61c7ecfe2dd111a0ff8b5d158c,9,4730440220340d380f26f793f8cc48e68d687820b04b58b123313e541c4da8e81341b1fcdf022008a9021dd3b109912a78bfce6b47a9ce4d78041dd9e31d93cf8de2254d5ffd6f01210389db4f5a3fe43d22ecb1726a38cc28b84fa3e77b5acdf77837bbe48a95ff0296,411920000,4294967295,['1PxtJd9j6qNt91dWEwjhfoCRvrKjUJiKvr'],pay-to-pubkey-hash,292505
e30e6c8303e0b8afd49ed05e29c58b3c98309ac9967c10d28e66217b80080972,9,493046022100a03090c932b3949d213920ee3c279be9a4d150676238c8ae99682d41c93cd10f02210098ce09cf2685ffe0c528ca9cb8cc126b555d7180e55a0207b987df2a31f525d701210389db4f5a3fe43d22ecb1726a38cc28b84fa3e77b5acdf77837bbe48a95ff0296,401760000,4294967295,['1PxtJd9j6qNt91dWEwjhfoCRvrKjUJiKvr'],pay-to-pubkey-hash,294596
b63db57e20b612e77104be644995005e829dc1c27d4e01472eda80f5cc7e5569,9,473044022048967cf66b8368ad51c8f98923db728c200a94a1a9d2d81803c80be2ba83f72b022028fb991cef41acd52fca72b1423009bbaa61f849674bda47343247a9b80ca82701210389db4f5a3fe43d22ecb1726a38cc28b84fa3e77b5acdf77837bbe48a95ff0296,490880000,4294967295,['1PxtJd9j6qNt91dWEwjhfoCRvrKjUJiKvr'],pay-to-pubkey-hash,293331
08d7c7aad47f4186ae59984f86def4a8bdcb399fe5fa0bae48db26cbee699451,12,493046022100d772e1e86f8df6781b98a0667716fb78ac9d84bccef0a414ed3bdc0ce9ff90d6022100e204e5dac5453d54798e7b655276a414852de60066b7e0256f497eb1e1d9aa3d01210389db4f5a3fe43d22ecb1726a38cc28b84fa3e77b5acdf77837bbe48a95ff0296,365540000,4294967295,['1PxtJd9j6qNt91dWEwjhfoCRvrKjUJiKvr'],pay-to-pubkey-hash,297257
7b54254b498210c8d09f2bf141088bd421ad83aa27913b4ef95ef08b79edc346,7,4730440220154ccb5d960d3c48d369a3d75b38f76feecd67a4869e6168d9f5abe739a3043f0220257bd1121769376c7324fd6fd07b1af78c5fe4ba248aa984773ee2d88b39d45e01210389db4f5a3fe43d22ecb1726a38cc28b84fa3e77b5acdf77837bbe48a95ff0296,483320000,4294967295,['1PxtJd9j6qNt91dWEwjhfoCRvrKjUJiKvr'],pay-to-pubkey-hash,292841
0beef341db84ce21849a381c2711d1533eef143b55a2943e6a7b4594232c718e,6,4830450220141c0c05ec57b81bc2ff989b8753abd82b2c035a4431bb46f10870ea34f3ce12022100ca53691305f5ec0138248ee78f6a2b1b2411370724bd43aef8dae927ccf76a4a01210389db4f5a3fe43d22ecb1726a38cc28b84fa3e77b5acdf77837bbe48a95ff0296,557570000,4294967295,['1PxtJd9j6qNt91dWEwjhfoCRvrKjUJiKvr'],pay-to-pubkey-hash,290950
b3c9979ddabfde376b20c85c0cdbc3bb7ebdbb4d9f21c9cd66e828fee709826d,9,483045022100d1eea478329ac164681c31fe6ccaa19a4622989396e0d0dfa8f7d671ec37fbed02206090611e8271a3194e921b272a0b148e3c0f9b46b6d5626a8599eb27e266721c01210389db4f5a3fe43d22ecb1726a38cc28b84fa3e77b5acdf77837bbe48a95ff0296,449440000,4294967295,['1PxtJd9j6qNt91dWEwjhfoCRvrKjUJiKvr'],pay-to-pubkey-hash,294449
e8e8f1169f236fa8f3c70cdd923212ecf59c991f5795da7f0428f044010c3545,10,473044022054f1623348a4bc1a89cb968d44fbe096e8642b59aee5d05f0da1a76bd95bc496022030b6c020a72869ff1f560a1afbd73b397893769514c8b4d6b704c6e7ccd0aae401210389db4f5a3fe43d22ecb1726a38cc28b84fa3e77b5acdf77837bbe48a95ff0296,362790000,4294967295,['1PxtJd9j6qNt91dWEwjhfoCRvrKjUJiKvr'],pay-to-pubkey-hash,297093
7cea78f0305c0b9fbda992800361214dff3670054a86e0ccd8ada50ded72c00b,10,473044022005aa8539d15cc10f5f30cc66e382a4c61729cfa8d1b4ec19c1c8e9bf8ac6554902206b571c9bc951221098e92472b2c3baddf729c3649bfddc2ac4b2fa2cfe17879601210389db4f5a3fe43d22ecb1726a38cc28b84fa3e77b5acdf77837bbe48a95ff0296,417380000,4294967295,['1PxtJd9j6qNt91dWEwjhfoCRvrKjUJiKvr'],pay-to-pubkey-hash,296095
8b7aba6867e439d0b5a2f892e193716f75e9f3e3b6f6b6d360beeda67deb3927,10,47304402202927e564887f55bde281a635bfc690151064bea84ea95eb40b40efc25c3731a502201d4db51c5c338094fdceda5dcb41889a49f111ca64e16b8ff3f298a8b90bec4a01210389db4f5a3fe43d22ecb1726a38cc28b84fa3e77b5acdf77837bbe48a95ff0296,500770000,4294967295,['1PxtJd9j6qNt91dWEwjhfoCRvrKjUJiKvr'],pay-to-pubkey-hash,293735
e213b56fdbdd4752c6bd2dc31a5c94d06088f8d925a32d1f4efe5a4f2c3e7a05,12,493046022100bf2d28d977381f7ca126d99e1ca21139124a33d32f71360c0800363a2a760975022100b8c86af0e94462483fb094320a2e964b97ae3908a0227270c67d4f246473216b01210389db4f5a3fe43d22ecb1726a38cc28b84fa3e77b5acdf77837bbe48a95ff0296,364860000,4294967295,['1PxtJd9j6qNt91dWEwjhfoCRvrKjUJiKvr'],pay-to-pubkey-hash,295047
38336c99d4a97e77fc6422e52123b147feb64d6ab651da97e97131cb723b9c2c,11,483045022100f6bacac73f2aceb33724cef61fc56d8cd3539d36ea510ab04d12c037cb43599b02200b71fc3045ced5959a1bbc7aac30d3219d2f54aeb21dc974a0d86121a21e3f7701210389db4f5a3fe43d22ecb1726a38cc28b84fa3e77b5acdf77837bbe48a95ff0296,411950000,4294967295,['1PxtJd9j6qNt91dWEwjhfoCRvrKjUJiKvr'],pay-to-pubkey-hash,296252
a3df4ebd18bc473049ee48d7f2764dd488c58bccd136af8815f4b36a3cb39728,8,48304502207ecc4f45c89d0e52297dfe05a74023a69f61ca6cb39f5f2f6c264077619e77ce022100b55b662dc1db81b2016cb43d80e288b2a292f5e6fbb6e2b1efd112b1447bd97f01210389db4f5a3fe43d22ecb1726a38cc28b84fa3e77b5acdf77837bbe48a95ff0296,487220000,4294967295,['1PxtJd9j6qNt91dWEwjhfoCRvrKjUJiKvr'],pay-to-pubkey-hash,294095
62ac16f43c7adf5568f28803b6ad4a3e337ce2b72d79eb1d6503a0bfa7b15015,8,483045022016bf4ed277971bdfc39295c6f325d916dd176dde6668e9e4a3094ad2f6cee57e022100a401d9ec3d7539ddf281f32f89076d5252e1ceb5b4da3d31bed5411acf24b20801210389db4f5a3fe43d22ecb1726a38cc28b84fa3e77b5acdf77837bbe48a95ff0296,422460000,4294967295,['1PxtJd9j6qNt91dWEwjhfoCRvrKjUJiKvr'],pay-to-pubkey-hash,291957
f4fa00ce8dfb1b5279bdbbbc844b50013ae618e324daf17b71ad8ac5813869f6,11,483045022100a40badaee7c596d4c3c7c9291054c84951c0712a38504853823002acd075d78e02202767246d0294015e87bffbe1580f19b22c318a8d240bca633ba27013938228df01210389db4f5a3fe43d22ecb1726a38cc28b84fa3e77b5acdf77837bbe48a95ff0296,399810000,4294967295,['1PxtJd9j6qNt91dWEwjhfoCRvrKjUJiKvr'],pay-to-pubkey-hash,295196
dc05d801a51817000f1eede008572350b56b61b4396916b27d4c9314f0f3d7ea,7,4930460221008d49f5df1424d004d9fe17f4ed1eb1c22f42d9f31a4554aafceda8d0d85ea194022100b04011b95ba7ecad7238a4a74e100dcc78df8b61c7ab9533ffc4c8ee570939f101210389db4f5a3fe43d22ecb1726a38cc28b84fa3e77b5acdf77837bbe48a95ff0296,475060000,4294967295,['1PxtJd9j6qNt91dWEwjhfoCRvrKjUJiKvr'],pay-to-pubkey-hash,292668
cf41d860b558e8b63c8144cd6f9195254f1842375cc2a49989137438660d12fa,11,48304502205f8c7b147e924a86494af15261aa135b1c7ae61e53e26d0e27efb001e05539d00221009f6eec25f6ec7453db40355b5e41044ace0752e3e8b6d030d279659695fdd8ec01210389db4f5a3fe43d22ecb1726a38cc28b84fa3e77b5acdf77837bbe48a95ff0296,453520000,4294967295,['1PxtJd9j6qNt91dWEwjhfoCRvrKjUJiKvr'],pay-to-pubkey-hash,294301
e8cfa9183a775a2754389e7cc475f9c6b5dba2b2171de7dacfbf4ef1f349a0f8,7,47304402203acdb174c2bf52c47e0570a6e4777eaf7e1bf5b9abeac364a426be248a61349202205d29339eb794cd192a231278fc280373c8e6c08b6043e1d9d73e182274de386a01210389db4f5a3fe43d22ecb1726a38cc28b84fa3e77b5acdf77837bbe48a95ff0296,555950000,4294967295,['1PxtJd9j6qNt91dWEwjhfoCRvrKjUJiKvr'],pay-to-pubkey-hash,292159
87d856b31ba7cf1c1d268908fb3ade6a103173e12a48cdfdb102081437468df2,11,493046022100ab100c75d40f132007b0f9bccd3f4173ee05fc07251be7d8735a9f17ebefc7d2022100eec14f124ff814303dc54502d20021bd05e45804b1195ea231593aaff01ba1aa01210389db4f5a3fe43d22ecb1726a38cc28b84fa3e77b5acdf77837bbe48a95ff0296,365340000,4294967295,['1PxtJd9j6qNt91dWEwjhfoCRvrKjUJiKvr'],pay-to-pubkey-hash,296975
d5c16de47427304e4818881691a2f779be2bb1709d93278d38523f818817d9e9,12,4830450220707a5648d7de7337cdf36121c70f39739c99b8da9ef310ac2d8d00f6a3aa80a60221009237e50293769552e6a9c64bb25efeeccd040bb0318f34256cb621c6366fe53901210389db4f5a3fe43d22ecb1726a38cc28b84fa3e77b5acdf77837bbe48a95ff0296,364650000,4294967295,['1PxtJd9j6qNt91dWEwjhfoCRvrKjUJiKvr'],pay-to-pubkey-hash,296739
ce652ae44466428f953756dd2692a821db6c51b3f024dd9e44885dbe0815eb0b,12,473044022044146d3af7e440698a304cc9cf28899ba4cfda8bd8f6488ea0134215c7de0caa02204c4660dcc7870b672995645940fe00acfeaa93417d7efca1f3ade3a8eb29811101210389db4f5a3fe43d22ecb1726a38cc28b84fa3e77b5acdf77837bbe48a95ff0296,393830000,4294967295,['1PxtJd9j6qNt91dWEwjhfoCRvrKjUJiKvr'],pay-to-pubkey-hash,295917
